Machine,Output,Defects,Downtime
Die Bonder,100.66666666666667,5.814102564102564,5.2250000000000005
Inspection,99.8913043478261,5.836956521739131,5.0701086956521735
Wafer Bumper,99.646875,6.0,5.3975
