Shift,Output,Defects,Downtime
Evening,100.10479041916167,5.592814371257485,5.159281437125749
Morning,100.0,5.603076923076923,5.323076923076923
Night,100.05865102639297,6.431085043988269,5.190615835777126
